<?xml version="1.0" encoding="utf-8" ?>
<Tokens>
  <Token name="Store.Name" value="%Store.Name%" />
  <Token name="Store.URL" value="%Store.URL%" />
  <Token name="Store.Email" value="%Store.Email%" />
  <Token name="Order.OrderNumber" value="%Order.OrderNumber%" />
  <Token name="Order.CustomerFullName" value="%Order.CustomerFullName%" />
  <Token name="Order.CustomerEmail" value="%Order.CustomerEmail%" />
  <Token name="Order.BillingFirstName" value="%Order.BillingFirstName%" />
  <Token name="Order.BillingLastName" value="%Order.BillingLastName%" />
  <Token name="Order.BillingPhoneNumber" value="%Order.BillingPhoneNumber%" />
  <Token name="Order.BillingEmail" value="%Order.BillingEmail%" />
  <Token name="Order.BillingFaxNumber" value="%Order.BillingFaxNumber%" />
  <Token name="Order.BillingCompany" value="%Order.BillingCompany%" />
  <Token name="Order.BillingAddress1" value="%Order.BillingAddress1%" />
  <Token name="Order.BillingAddress2" value="%Order.BillingAddress2%" />
  <Token name="Order.BillingCity" value="%Order.BillingCity%" />
  <Token name="Order.BillingStateProvince" value="%Order.BillingStateProvince%" />
  <Token name="Order.BillingZipPostalCode" value="%Order.BillingZipPostalCode%" />
  <Token name="Order.BillingCountry" value="%Order.BillingCountry%" />
  <Token name="Order.ShippingMethod" value="%Order.ShippingMethod%" />
  <Token name="Order.ShippingFirstName" value="%Order.ShippingFirstName%" />
  <Token name="Order.ShippingLastName" value="%Order.ShippingLastName%" />
  <Token name="Order.ShippingPhoneNumber" value="%Order.ShippingPhoneNumber%" />
  <Token name="Order.ShippingEmail" value="%Order.ShippingEmail%" />
  <Token name="Order.ShippingFaxNumber" value="%Order.ShippingFaxNumber%" />
  <Token name="Order.ShippingCompany" value="%Order.ShippingCompany%" />
  <Token name="Order.ShippingAddress1" value="%Order.ShippingAddress1%" />
  <Token name="Order.ShippingAddress2" value="%Order.ShippingAddress2%" />
  <Token name="Order.ShippingCity" value="%Order.ShippingCity%" />
  <Token name="Order.ShippingStateProvince" value="%Order.ShippingStateProvince%" />
  <Token name="Order.ShippingZipPostalCode" value="%Order.ShippingZipPostalCode%" />
  <Token name="Order.ShippingCountry" value="%Order.ShippingCountry%" />
  <Token name="Order.Product(s)" value="%Order.Product(s)%" />
  <Token name="Order.CreatedOn" value="%Order.CreatedOn%" />
  <Token name="Order.OrderURLForCustomer" value="%Order.OrderURLForCustomer%" />
  <Token name="Customer.Email" value="%Customer.Email%" />
  <Token name="Customer.PasswordRecoveryURL" value="%Customer.PasswordRecoveryURL%" />
  <Token name="Customer.AccountActivationURL" value="%Customer.AccountActivationURL%" />
  <Token name="Customer.FullName" value="%Customer.FullName%" />
  <Token name="Product.Name" value="%Product.Name%" />
  <Token name="Product.ShortDescription" value="%Product.ShortDescription%" />
  <Token name="Product.ProductURLForCustomer" value="%Product.ProductURLForCustomer%" />
  <Token name="ProductVariant.FullProductName" value="%ProductVariant.FullProductName%" />
  <Token name="ProductVariant.StockQuantity" value="%ProductVariant.StockQuantity%" />
</Tokens>