<!-- sw : SWAHILI -->
<resources>
  <resource name="LANGUAGE">SWAHILI</resource>
  <resource name="LOCATION"> Location </resource>
  <resource name="NUMCOMMENTS"> Comments </resource>
  <resource name="DEFAULTCATEGORYNAME"> (Default) </resource>
  <resource name="DEFAULTSENDERNAME"> (Guest) </resource>
  <resource name="CLICK_EDIT"> Edit </resource>
  <resource name="CLICK_DELETE"> Delete </resource>
  <resource name="CLICK_CLOSE"> Close </resource>
  <resource name="CLICK_OPENPHOTO"> Open </resource>
  <resource name="CLICK_OPENCATEGORY"> Open </resource>
  <resource name="CLICK_SHOWEDITOR"> Admin Console </resource>
  <resource name="CLICK_SHOWSLIDER"> Onyesha Slider </resource>
  <resource name="CLICK_UPLOADFILES"> Upload files </resource>
  <resource name="CLICK_NEWCATEGORY"> New Jamii </resource>
  <resource name="CLICK_ADDCOMMENT"> Add Comment </resource>
  <resource name="CLICK_DELETECOMMENT"> Delete Comment </resource>
  <resource name="PROMPT_TYPECATEGORYNAME"> Tafadhali input jamii jina </resource>
  <resource name="PROMPT_TYPEPHOTONAME"> tafadhali input photo title </resource>
  <resource name="PROMPT_TYPECOMMENT"> Tafadhali input new comment </resource>
  <resource name="CONFIRM_CLICK_DELETEPHOTO"> Je, wewe uhakika unataka kufuta photo '(0)'? </resource>
  <resource name="CONFIRM_CLICK_DELETECATEGORY"> Una uhakika unataka kufuta jamii '(0)' na wake wote files? </resource>
  <resource name="CONFIRM_CLICK_DELETECOMMENT"> Una uhakika unataka delete comments '(0)'?</resource>
</resources>